Country name,Total in km2,Land in km2,Inland water in km2,% water,Population,% of world population,Population density,HDI,Fertility rate,Mortality rate,% of internet users in population,External debt (billions)
Russia,17098246.0,16376870,721380,4.2,146028325,1.8,8.54,0.832,1.47,13.27,95.6,299.0637
Canada,9984670.0,9093507,891163,8.9,41417056,0.5,4.15,0.939,1.33,8.17,94.4,"3,468.2119"
China,9596960.0,9326410,270550,2.8,1404890000,17.0,146.39,0.797,1.03,7.82,91.6,"2,412.0799"
United States,9525067.0,9147593,377424,4.0,341784857,4.1,35.88,0.938,1.63,8.42,94.7,"30,196.961"
Brazil,8510346.0,8460415,55352,0.6,214211951,2.6,25.17,0.786,1.59,6.90,84.5,692.6895
Australia,7741220.0,7682300,58920,0.8,27801023,0.3,3.59,0.958,1.64,6.76,96.1,"2,050"
India,3287263.0,2973190,314070,9.6,1429404000,17.3,434.83,0.685,1.93,9.65,70,762.7656
Argentina,2780400.0,2736690,43710,1.6,46466688,0.6,16.71,0.865,1.51,7.28,89.7,321.7828
Kazakhstan,2724910.0,2699700,25202,0.9,20604819,0.2,7.56,0.837,2.92,8.05,93.4,182.7782
Algeria,2381741.0,2381741,0,0,47400000,0.6,19.9,0.763,2.62,4.33,77.4,4.760
Democratic Republic of the Congo,2344858.0,2267048,77810,3.3,116452162,1.4,49.66,0.522,,,,5.330
Saudi Arabia,2149690.0,2149690,0,0,35300280,0.4,16.42,0.900,2.27,3.45,100,264
Mexico,1964375.0,1943950,20425,1.0,131231919,1.6,66.81,0.789,1.85,7.07,83.1,880
Indonesia,1904569.0,1811569,93000,4.9,288315089,3.5,151.38,0.728,2.08,6.77,72.8,444.4005
Sudan,1878000.0,1868000,10010,0.6,53282719,0.6,28.37,0.511,4.13,6.19,18.6,62.4
Libya,1759540.0,1759540,0,0,7539852,0.09,4.29,0.721,2.21,3.45,82,3.530
Iran,1648195.0,1622500,25695,1.6,87134000,1.1,52.87,0.799,1.66,5.20,85.3,4.8616
Mongolia,1564116.0,1557507,6609,0.4,3591120,0.04,2.3,0.747,2.54,6.33,85.1,40.2175
Peru,1285216.0,1279996,5220,0.4,34157732,0.4,26.58,0.794,1.93,11.04,82,112.4321
Chad,1284000.0,1259200,24800,1.9,20031602,0.2,15.6,0.416,5.84,9.21,12.6,1.880
Niger,1267000.0,1266700,300,0,27522750,0.3,21.72,0.419,5.64,9.66,39.5,2.730
Angola,1246700.0,1246700,0,0,38778554,0.5,31.1,0.616,4.89,7.80,40.7,37.7
Mali,1240192.0,1220190,20000,1.6,23929000,0.3,19.29,0.419,5.33,8.30,36.8,3.630
South Africa,1219090.0,1214470,4620,0.4,63522380,0.8,52.11,0.741,2.17,9.25,78.4,195.932
Colombia,1138910.0,1038700,100210,8.8,53399171,0.6,46.89,0.788,1.61,7.84,79.3,212
Ethiopia,1104300.0,1096570,7730,0.7,111652998,1.4,101.11,0.497,3.72,5.60,21.4,25.4
Bolivia,1098581.0,1083300,15280,1.4,11365333,0.1,10.35,0.733,2.47,4.33,79.7,16.0163
Mauritania,1030700.0,1030700,0,0,4927532,0.06,4.78,0.563,4.49,7.33,45.8,3.590
Egypt,1001450.0,995450,6000,0.6,108613296,1.3,108.46,0.754,2.68,4.32,74.6,164.776
Tanzania,947303.0,885800,61500,6.5,70038850,0.8,73.94,0.555,4.41,5.02,31.2,15.9
Nigeria,923768.0,910770,13000,1.4,223800000,2.7,242.27,0.560,4.21,8.52,41.2,51.9
Venezuela,912050.0,882050,30000,3.3,28633711,0.3,31.39,0.709,2.04,6.55,76.7,110
Pakistan,882363.0,857143,25220,2.9,241499431,2.9,273.7,0.544,3.44,5.94,57.3,137.5578
Namibia,824292.0,823290,1002,0.1,3022401,0.04,3.67,0.665,3.13,6.64,64.9,6.520
Mozambique,799380.0,786380,13000,1.6,34958973,0.4,43.73,0.493,4.54,9.93,20.5,9.7212
Turkey,783562.0,769632,13930,1.8,86092168,1.0,109.87,0.853,1.62,6.09,89.8,565
Chile,756102.0,743812,12290,1.6,20150948,0.2,26.65,0.878,1.12,6.58,95.6,288.8523
Zambia,752612.0,743390,9220,1.2,23003214,0.3,30.56,0.595,3.91,6.02,17.1,23.3726
Myanmar,676578.0,653508,23070,3.4,51375327,0.6,75.93,0.609,2.06,7.14,45.4,11.1748
Afghanistan,652864.0,652230,630,0.1,43844000,0.5,67.16,0.496,4.56,12.08,16.1,1.280
South Sudan,644329.0,,,,15786898,0.2,24.5,0.388,3.63,9.22,6.67,1.920
France,643801.0,640427,3374,0.5,69081996,0.8,107.3,0.920,1.64,9.51,88.7,"9,249.4815"
Somalia,637657.0,627340,10320,1.6,20305907,0.2,31.84,0.404,5.81,11.43,27.9,5.300
Central African Republic,622984.0,622984,0,0,6470307,0.08,10.39,0.414,5.69,11.51,13.8,0.687
Ukraine,603550.0,579330,24220,4.0,28700000,0.3,47.55,0.779,1.00,21.70,82.5,236.72
Madagascar,587041.0,581540,5501,0.9,32658977,0.4,55.63,0.487,3.78,5.92,18.7,4.010
Botswana,582000.0,566730,15000,2.6,2359609,0.03,4.05,0.731,2.63,8.98,57.5,1.4988
Kenya,580367.0,569140,11227,1.9,54227015,0.7,93.44,0.628,3.07,4.95,35,42.3375
Thailand,513120.0,510890,2230,0.4,70250751,0.8,136.91,0.798,1.19,7.86,90.9,209.7429
Spain,505370.0,498980,6390,1.3,49801559,0.6,98.54,0.918,1.24,10.11,95.8,"3,290.5521"
Turkmenistan,488100.0,469930,18170,3.7,7057841,0.09,14.46,0.764,2.60,5.96,17,0.503
Cameroon,475650.0,472710,2730,0.6,29442327,0.4,61.9,0.588,4.12,7.54,46.3,7.380
Papua New Guinea,462840.0,452860,9980,2.2,10185363,0.1,22.01,0.576,2.99,5.48,18.8,22.0
Yemen,455503.0,455503,0,0,32684503,0.4,71.75,0.470,4.33,5.54,17.5,7.192
Sweden,450295.0,407284,40142,9.0,10613531,0.1,23.57,0.959,1.45,9.50,95.8,"1,154.6942"
Uzbekistan,447400.0,425400,22000,4.9,39047321,0.5,87.28,0.740,3.40,5.43,89.5,89.8928
Morocco,446550.0,446300,250,0.1,37254695,0.5,83.43,0.710,2.16,6.61,91.2,64.8
Iraq,438317.0,437367,950,0.2,46118793,0.6,105.22,0.695,3.13,3.88,81.5,22.6
Paraguay,406752.0,397300,9452,2.3,6109644,0.07,15.02,0.756,2.37,4.90,85.4,29.7333
Zimbabwe,390757.0,386850,3910,1.0,17073087,0.2,43.69,0.598,3.57,8.51,41.6,10.9
Norway,386224.0,366704,19520,5.1,5636904,0.07,14.59,0.970,1.42,7.93,99,875.5962
Japan,377915.0,364485,13430,3.6,122680000,1.5,324.62,0.925,1.23,11.74,85.5,"4,786.71"
Germany,357581.0,349390,7860,2.2,83467117,1.0,233.42,0.959,1.46,11.97,93.5,"8,139.6669"
Republic of the Congo,342000.0,341500,500,0.1,6142180,0.07,17.96,0.649,,,,4.820
Finland,338145.0,303815,34330,10.2,5655296,0.07,16.72,0.948,1.30,10.37,94.1,683.1452
Vietnam,331340.0,313429,17801,5.4,102300000,1.2,308.75,0.766,1.86,5.77,84.2,130.8716
Malaysia,330621.0,329432,1190,0.4,34389400,0.4,104.01,0.819,1.52,5.72,98,355.7179
Ivory Coast,322462.0,318000,4460,1.4,32494020,0.4,100.77,0.582,4.10,,41.4,40.561
Poland,312685.0,304255,8430,3.7,37243000,0.5,119.11,0.906,1.31,9.37,89.7,552.542
Oman,309500.0,309500,0,0,5398645,0.07,17.44,0.858,2.44,3.21,95.3,54.0
Italy,302068.0,295717,6350,2.1,58940756,0.7,195.12,0.915,1.22,11.27,89.2,"3,268.9915"
Philippines,300000.0,298170,1830,0.6,114849400,1.4,382.83,0.720,1.86,6.1 ,67.3,148
Ecuador,283561.0,276841,6720,2.4,18243816,0.2,64.34,0.777,1.78,5.18,77.2,66.4657
Burkina Faso,274200.0,273800,400,0.2,24736828,0.3,90.21,0.459,3.92,7.50,28.3,3.090
New Zealand,268838.0,264537,4301,1.6,5357300,0.06,19.93,0.938,1.64,6.89,93.5,257.6775
Gabon,267668.0,257670,10000,3.7,2469296,0.03,9.23,0.733,3.49,5.59,68.7,5.160
Guinea,245857.0,245717,140,0.1,17521167,0.2,71.27,0.500,3.96,7.97,33.3,1.330
United Kingdom,244376.0,242741,1635,0.7,69487000,0.8,284.34,0.946,1.53,9.81,95.5,"11,355 "
Uganda,241550.0,200520,41030,17.0,45905417,0.6,190.05,0.582,3.97,4.87,8.95,6.240
Ghana,238537.0,227533,11000,4.6,34378768,0.4,144.12,0.628,3.26,5.99,72.2,29.1198
Romania,238398.0,230080,8320,3.5,19041322,0.2,79.87,0.845,1.71,14.92,93.2,260
Laos,236800.0,230800,6000,2.5,7745000,0.09,32.71,0.617,2.33,6.26,65.6,10.9613
Guyana,214969.0,196850,18120,8.4,956044,0.01,4.45,0.776,2.35,6.95,83,1.140
Belarus,207600.0,202900,4700,2.3,9056080,0.1,43.62,0.824,1.23,12.81,95.5,38.2956
Kyrgyzstan,199949.0,191800,8150,4.1,7404300,0.09,37.03,0.720,2.72,6.07,92,12.5266
Senegal,196712.0,192530,4180,2.1,19575061,0.2,99.51,0.530,3.66,5.00,60.1,6.190
Syria,185180.0,183630,1550,0.8,26472497,0.3,142.96,0.564,2.62,4.07,49.2,5.920
Cambodia,181035.0,176520,4520,2.5,17816143,0.2,98.41,0.606,2.49,5.70,68.5,19.3689
Uruguay,176215.0,175015,1200,0.7,3480601,0.04,19.75,0.862,1.38,9.12,92,48.8
Suriname,163820.0,156000,7820,4.8,616500,0.007,3.76,0.722,2.19,6.63,87.4,1.240
Tunisia,163610.0,155360,8250,5.0,11992843,0.1,73.3,0.746,1.79,6.38,76.5,42.9465
Bangladesh,148460.0,130170,18290,12.3,169828911,2.1,1143.94,0.685,2.09,5.50,53.4,114
Nepal,147181.0,143350,3830,2.6,30034040,0.4,204.06,0.622,1.92,5.59,94.2 ,10.5
Tajikistan,144100.0,141510,2590,1.8,10721000,0.1,74.4,0.691,2.96,5.67,55.8,6.5919
Greece,131957.0,128900,1310,2.3,10372335,0.1,78.6,0.908,1.34,12.02,86.3,693
Nicaragua,130373.0,120340,10030,7.7,6874748,0.08,52.73,0.706,2.16,5.19,61.4,11.1
North Korea,120538.0,120410,130,0.1,25950000,0.3,215.28,,1.75,,0,5.000
Malawi,118484.0,94080,24404,20.6,21201635,0.3,178.94,0.517,3.45,4.51,19,2.813
Eritrea,117600.0,101000,16600,14.1,3682669,0.04,31.32,0.503,3.55,6.60,14.3,0.820
Benin,114763.0,112760,2000,1.7,13551992,0.2,118.09,0.515,4.34,7.82,34,2.340
Honduras,112492.0,111890,600,0.5,10186738,0.1,90.56,0.645,2.42,4.69,58.6,8.040
Liberia,111369.0,96320,15049,13.5,5248621,0.06,47.13,0.510,3.71,6.46,32.2,1.110
Bulgaria,110879.0,108489,2390,2.2,6423207,0.08,57.93,0.845,1.74,14.31,79.7,78.2539
Cuba,109884.0,109884,0,0,9434593,0.1,85.86,0.762,1.46,9.37,70.5,26.3
Guatemala,108889.0,107160,1730,1.6,18312373,0.2,168.17,0.662,2.23,4.89,60.2,19.1
Iceland,103000.0,100830,2170,2.1,396500,0.005,3.85,0.972,1.49,6.57,98.2,29.8225
South Korea,100432.0,97600,2800,2.8,51088284,0.6,508.69,0.937,0.76,,97.9,774.3902
Hungary,93025.0,91260,1770,1.9,9488428,0.1,102.0,0.870,1.50,12.89,93.8,313.632
Portugal,92090.0,91470,620,0.45,11424031,0.1,124.05,0.890,1.52,10.90,88.5,523
Jordan,89318.0,88794,524,0.6,11937000,0.1,133.65,0.754,2.54,3.11,95.6,46.0207
Serbia,88499.0,88499,0,0,6532019,0.08,73.81,0.833,1.51,15.12,87.7,59.933
Azerbaijan,86600.0,82650,3950,4.6,10273450,0.1,118.63,0.789,1.66,6.92,90.8,4.8135
Austria,83878.0,82520,1359,1.6,9217573,0.1,109.89,0.930,1.34,9.86,91.9,937.3072
United Arab Emirates,83600.0,82880,720,0.9,11294243,0.1,135.1,0.940,1.21,1.62,100,220
Czech Republic,78871.0,77187,1684,2.1,10896003,0.1,138.15,,1.47,10.77,87.7,
Panama,75320.0,74180,1143,1.5,4064780,0.05,53.97,0.839,2.07,5.88,72.8,48.7
Sierra Leone,72300.0,72180,120,0.2,9270700,0.1,128.23,0.467,3.53,9.14,25.1,1.560
Ireland,70273.0,68883,1390,2.0,5525600,0.07,78.63,0.949,1.60,6.74,97.2,"3,899.2285"
Georgia,69700.0,69490,210,0.3,3941100,0.05,56.54,0.844,1.78,10.76,83.8,27.1128
Sri Lanka,67240.0,61860,3750,5.7,21756000,0.3,323.56,0.776,1.93,6.54,54.6,54.5248
Lithuania,65286.0,62610,2680,4.1,2886179,0.03,44.21,0.895,1.22,15.17,89.2,92.0
Latvia,64594.0,62230,2370,3.7,1832100,0.02,28.36,0.889,1.35,14.69,92.7,52.2698
Togo,56785.0,54390,2400,4.2,8095498,0.10,142.56,0.571,4.01,5.16,39.5,1.170
Croatia,56594.0,55974,620,1.1,3866233,0.05,68.32,0.889,1.47,12.98,83.6,52.9
Bosnia and Herzegovina,51209.0,51200,10,0.0,3412000,0.04,66.63,0.804,1.50,10.26,86.1,5.5727
Costa Rica,51180.0,51140,40,0.1,5217296,0.06,101.94,0.833,1.31,4.97,87.4,24.9
Slovakia,49035.0,48080,950,1.9,5403009,0.07,110.19,0.880,1.57,10.18,89.8,162
Dominican Republic,48670.0,48320,350,0.7,10771504,0.1,221.32,0.776,2.17,6.31,91,26.1
Estonia,45339.0,42388,2840,6.3,1360745,0.02,30.01,0.905,1.38,13.13,92.2,48.3787
Denmark,42947.0,42434,660,1.5,6032304,0.07,140.46,0.962,1.52,9.55,99.8,688
Netherlands,41865.0,33893,7650,19.0,18153271,0.2,433.61,0.955,1.44,9.27,97,"4,877.3109"
Switzerland,41291.0,39510,1781,4.3,9154896,0.1,221.72,0.970,1.45,8.37,97.3,"2,519.5166"
Bhutan,38394.0,38140,250,0.7,784043,0.009,20.42,0.698,1.43,6.05,91.3,2.260
Guinea-Bissau,36125.0,28120,8010,22.2,1890252,0.02,52.33,0.514,3.62,7.32,29.8,1.100
Moldova,33847.0,32970,880,2.6,2365600,0.03,69.89,0.785,1.72,12.51,77.4,12.0882
Belgium,30528.0,30280,250,0.8,11942772,0.1,391.21,0.951,1.40,9.57,95.8,"1,841.2479"
Lesotho,30355.0,30355,0,0,2116427,0.03,69.72,0.550,2.61,10.90,51.8,0.949
Armenia,29743.0,28470,1270,4.3,3096900,0.04,104.12,0.811,1.71,9.54,83.4,6.629
Solomon Islands,28896.0,27990,910,3.1,750325,0.009,25.97,0.584,3.42,3.95,29,0.492
Albania,28748.0,27400,330,1.1,2335930,0.03,81.26,0.810,1.32,7.36,85.9,11.9144
Equatorial Guinea,28051.0,28051,0,0,1668768,0.02,59.49,0.674,3.96,8.90,63.3,1.360
Burundi,27834.0,25680,2150,7.7,12332788,0.1,443.08,0.439,4.57,5.85,8.6,0.705
Haiti,27750.0,27560,190,0.7,11867032,0.1,427.64,0.554,2.55,7.17,47.9,2.020
Rwanda,26338.0,24670,1670,6.3,14418145,0.2,547.43,0.578,3.54,5.77,31.7,2.440
North Macedonia,25713.0,25220,490,1.9,1819074,0.02,70.75,0.815,1.47,9.61,93.1,14.8639
Djibouti,23200.0,23180,20,0.1,1066809,0.01,45.98,0.513,2.54,7.08,65.3,1.340
Belize,22965.0,22810,160,0.7,418982,0.005,18.24,0.721,1.99,3.89,80,1.330
Israel,21937.0,21497,440,2.1,10305000,0.1,469.75,0.919,2.73,5.05,88.2,175.1923
El Salvador,21041.0,20720,320,1.5,6029976,0.07,286.58,0.678,1.74,5.92,66.5,14.9
Slovenia,20273.0,20151,122,0.6,2136385,0.03,105.38,0.931,1.58,10.46,90.8,74.4
Fiji,18272.0,18272,0,0,902623,0.01,49.4,0.731,2.23,6.44,74.7,0.833
Kuwait,17818.0,17818,0,0,4881254,0.06,273.95,0.852,1.49,2.27,100,94.8379
Eswatini,17363.0,17200,160,0.9,1235549,0.01,71.16,0.695,2.64,9.53,63.4,0.471
Timor-Leste,14874.0,14874,0,0,1409452,0.02,94.76,0.634,2.50,5.55,,0.312
Montenegro,13888.0,13450,438,3.2,622902,0.008,44.85,0.862,1.79,10.30,88.9,8.7413
Bahamas,13880.0,10010,3870,27.8,398165,0.005,28.69,0.820,1.36,6.47,92.5,17.6
Vanuatu,12189.0,12189,0,0,321409,0.004,26.37,0.621,3.50,3.99,22.4,0.208
Qatar,11586.0,11586,0,0,3370611,0.04,290.92,0.886,1.69,1.42,98.1,195
The Gambia,11295.0,10120,1180,10.4,,,,,,,,
Jamaica,10991.0,10830,160,1.5,2774538,0.03,252.44,0.720,1.33,7.44,90.1,16.8
Lebanon,10452.0,10230,220,2.1,5895466,0.07,564.05,0.752,2.19,5.57,80.6,34.6
Cyprus,9251.0,9241,10,0.1,983000,0.01,106.26,0.913,1.37,6.99,89.6,261.0716
Palestine,6020.0,6025,0,0,5557096,0.07,923.11,0.674,3.13,,86.6,1.535
Brunei,5765.0,5270,500,8.7,458600,0.006,79.55,0.837,1.70,3.85,96.3,0.340
Trinidad and Tobago,5127.0,5131,0,0,1367764,0.02,266.78,0.807,1.52,8.48,82.2,21.5
Cape Verde,4033.0,4033,0,0,491233,0.006,121.8,0.668,1.49,5.77,74.7,1.660
Samoa,2842.0,2780,10,0.4,205557,0.002,72.33,0.708,3.70,5.38,21.2,0.447
Luxembourg,2586.0,2574,16,0.6,690959,0.008,267.19,0.922,1.41,7.17,99.1,"4,055.4745"
Mauritius,2096.0,2086,10,0.5,1240316,0.01,591.75,0.806,1.21,8.95,73.3,204.7499
Comoros,1861.0,1861,0,0,944388,0.01,507.46,0.603,3.71,6.49,32.5,0.133
São Tomé and Príncipe,964.0,964,0,0,209607,0.003,217.43,0.637,3.47,6.07,,
Kiribati,811.0,811,0,0,120740,0.001,148.88,0.644,3.06,6.91,89.4,0.014
Bahrain,778.0,778,0,0,1603260,0.02,2060.75,0.899,1.77,2.83,100,39.4
Dominica,750.0,750,0,0,65514,0.0008,87.35,0.761,1.46,8.12,82,0.289
Tonga,747.0,720,30,4.0,100179,0.001,134.11,0.769,3.04,4.95,67.4,0.233
Singapore,745.0,735,10,1.4,6110200,0.07,8201.61,0.946,0.97,4.15,94.4,"2,584.7364"
Micronesia,702.0,700,0,0,75817,0.0009,108.0,0.615,,4.20,39.5,0.094
Saint Lucia,616.0,610,10,1.6,184100,0.002,298.86,0.748,1.37,8.17,68.2,0.513
Andorra,468.0,468,0,0,90021,0.001,192.35,0.913,1.11,7.98,94.4,1.110
Palau,459.0,459,0,0,16733,0.0002,36.46,0.786,1.84,8.31,83.9,0.224
Seychelles,457.0,457,0,0,123097,0.001,269.36,0.848,2.06,6.90,87.8,2.550
Antigua and Barbuda,442.0,442,0,0,103603,0.001,234.4,0.851,1.57,5.69,72.7,0.441
Barbados,431.0,431,0,0,261692,0.003,607.17,0.811,1.71,8.03,70.4,4.490
Saint Vincent and the Grenadines,389.0,389,0,0,109296,0.001,280.97,0.798,1.73,7.58,,0.321
Grenada,345.0,340,0,0,109021,0.001,316.0,0.791,1.45,8.34,70.2,0.679
Malta,315.0,315,0,0,588254,0.007,1867.47,0.924,1.12,8.61,93.9,227.8944
Maldives,300.0,300,0,0,515132,0.006,1717.11,0.766,1.53,4.20,85.2,0.742
Saint Kitts and Nevis,261.0,261,0,0,51320,0.0006,196.63,0.840,1.50,7.32,76.9,0.188
Marshall Islands,181.0,180,0,0,42418,0.0005,234.35,0.733,2.77,4.30,65.9,0.098
Liechtenstein,160.0,160,0,0,41237,0.0005,257.73,0.938,1.54,8.05,98.3,
San Marino,61.0,61,0,0,34167,0.0004,560.11,0.915,1.17,8.83,97.4,0.352
Tuvalu,26.0,26,0,0,10643,0.0001,409.35,0.689,3.10,7.90,35.2,0.015
Nauru,21.0,20,0,0,11680,0.0001,556.19,0.703,3.21,6.39,83,0.033
Monaco,2.0,2.0,0,0,38857,0.0005,19428.5,,2.09,10.92,99,16.5
Vatican City,0.44,0.44,0,0,882,0,2004.55,,1.00,,89.2,
